{
    "application": "example",
    "test-scenario": "default",
    "execmd": "./main.pisaCoupled.nls ",
    "time": "2023-08-17T22:41:11Z",
    "threads": [
        {
            "threadId": 0,
            "processId": 0,
            "instructionMix": {
                "instructions_analyzed": 2486092,
                "load_instructions": [
                    {
                        "total_instructions": 690000,
                        "mix": [
                            {
                                "vector_size": 1,
                                "float_16bits": 0,
                                "float_32bits": 0,
                                "float_64bits": 690000,
                                "float_80bits": 0,
                                "float_128bits": 0,
                                "float_128bits_powerpc": 0,
                                "float_64bits_mmx": 0,
                                "int_4bits": 0,
                                "int_8bits": 0,
                                "int_16bits": 0,
                                "int_32bits": 0,
                                "int_64bits": 0,
                                "int_misc": 0,
                                "struct_type": 0,
                                "array_type": 0,
                                "pointer_type": 0,
                                "instructions": 690000
                            }
                        ],
                        "scalar_instructions": 690000,
                        "vector_instructions": 0,
                        "misc_instructions": 0
                    }
                ],
                "store_instructions": [
                    {
                        "total_instructions": 21400,
                        "mix": [
                            {
                                "vector_size": 1,
                                "float_16bits": 0,
                                "float_32bits": 0,
                                "float_64bits": 21400,
                                "float_80bits": 0,
                                "float_128bits": 0,
                                "float_128bits_powerpc": 0,
                                "float_64bits_mmx": 0,
                                "int_4bits": 0,
                                "int_8bits": 0,
                                "int_16bits": 0,
                                "int_32bits": 0,
                                "int_64bits": 0,
                                "int_misc": 0,
                                "struct_type": 0,
                                "array_type": 0,
                                "pointer_type": 0,
                                "instructions": 21400
                            }
                        ],
                        "scalar_instructions": 21400,
                        "vector_instructions": 0,
                        "misc_instructions": 0
                    }
                ],
                "atomic_memory_instructions": 0,
                "atomic_memory_cmpxchg_instructions": 0,
                "atomic_memory_rmw_instructions": 0,
                "int_arith_instructions": 513152,
                "int_arith_add_instructions": [
                    {
                        "total_instructions": 392708,
                        "mix": [
                            {
                                "vector_size": 1,
                                "int_4bits": 0,
                                "int_8bits": 0,
                                "int_16bits": 0,
                                "int_32bits": 0,
                                "int_64bits": 392708,
                                "int_misc": 0,
                                "struct_type": 0,
                                "array_type": 0,
                                "pointer_type": 0,
                                "instructions": 392708
                            }
                        ],
                        "scalar_instructions": 392708,
                        "vector_instructions": 0,
                        "misc_instructions": 0
                    }
                ],
                "int_arith_sub_instructions": [
                    {
                        "total_instructions": 24,
                        "mix": [
                            {
                                "vector_size": 1,
                                "int_4bits": 0,
                                "int_8bits": 0,
                                "int_16bits": 0,
                                "int_32bits": 0,
                                "int_64bits": 24,
                                "int_misc": 0,
                                "struct_type": 0,
                                "array_type": 0,
                                "pointer_type": 0,
                                "instructions": 24
                            }
                        ],
                        "scalar_instructions": 24,
                        "vector_instructions": 0,
                        "misc_instructions": 0
                    }
                ],
                "int_arith_mul_instructions": [
                    {
                        "total_instructions": 120404,
                        "mix": [
                            {
                                "vector_size": 1,
                                "int_4bits": 0,
                                "int_8bits": 0,
                                "int_16bits": 0,
                                "int_32bits": 0,
                                "int_64bits": 120404,
                                "int_misc": 0,
                                "struct_type": 0,
                                "array_type": 0,
                                "pointer_type": 0,
                                "instructions": 120404
                            }
                        ],
                        "scalar_instructions": 120404,
                        "vector_instructions": 0,
                        "misc_instructions": 0
                    }
                ],
                "int_arith_udiv_instructions": [
                    {
                        "total_instructions": 0,
                        "mix": [
                            {
                                "vector_size": 1,
                                "int_4bits": 0,
                                "int_8bits": 0,
                                "int_16bits": 0,
                                "int_32bits": 0,
                                "int_64bits": 0,
                                "int_misc": 0,
                                "struct_type": 0,
                                "array_type": 0,
                                "pointer_type": 0,
                                "instructions": 0
                            }
                        ],
                        "scalar_instructions": 0,
                        "vector_instructions": 0,
                        "misc_instructions": 0
                    }
                ],
                "int_arith_sdiv_instructions": [
                    {
                        "total_instructions": 0,
                        "mix": [
                            {
                                "vector_size": 1,
                                "int_4bits": 0,
                                "int_8bits": 0,
                                "int_16bits": 0,
                                "int_32bits": 0,
                                "int_64bits": 0,
                                "int_misc": 0,
                                "struct_type": 0,
                                "array_type": 0,
                                "pointer_type": 0,
                                "instructions": 0
                            }
                        ],
                        "scalar_instructions": 0,
                        "vector_instructions": 0,
                        "misc_instructions": 0
                    }
                ],
                "int_arith_urem_instructions": [
                    {
                        "total_instructions": 16,
                        "mix": [
                            {
                                "vector_size": 1,
                                "int_4bits": 0,
                                "int_8bits": 0,
                                "int_16bits": 0,
                                "int_32bits": 0,
                                "int_64bits": 16,
                                "int_misc": 0,
                                "struct_type": 0,
                                "array_type": 0,
                                "pointer_type": 0,
                                "instructions": 16
                            }
                        ],
                        "scalar_instructions": 16,
                        "vector_instructions": 0,
                        "misc_instructions": 0
                    }
                ],
                "int_arith_srem_instructions": [
                    {
                        "total_instructions": 0,
                        "mix": [
                            {
                                "vector_size": 1,
                                "int_4bits": 0,
                                "int_8bits": 0,
                                "int_16bits": 0,
                                "int_32bits": 0,
                                "int_64bits": 0,
                                "int_misc": 0,
                                "struct_type": 0,
                                "array_type": 0,
                                "pointer_type": 0,
                                "instructions": 0
                            }
                        ],
                        "scalar_instructions": 0,
                        "vector_instructions": 0,
                        "misc_instructions": 0
                    }
                ],
                "int_cmp_instructions": [
                    {
                        "total_instructions": 137044,
                        "mix": [
                            {
                                "vector_size": 1,
                                "int_4bits": 0,
                                "int_8bits": 0,
                                "int_16bits": 0,
                                "int_32bits": 0,
                                "int_64bits": 129044,
                                "int_misc": 0,
                                "struct_type": 0,
                                "array_type": 0,
                                "pointer_type": 0,
                                "instructions": 129044
                            }
                        ],
                        "scalar_instructions": 129044,
                        "vector_instructions": 0,
                        "misc_instructions": 8000
                    }
                ],
                "fp_arith_instructions": 246000,
                "fp_arith_add_instructions": [
                    {
                        "total_instructions": 120000,
                        "mix": [
                            {
                                "vector_size": 1,
                                "float_16bits": 0,
                                "float_32bits": 0,
                                "float_64bits": 120000,
                                "float_80bits": 0,
                                "float_128bits": 0,
                                "float_128bits_powerpc": 0,
                                "float_64bits_mmx": 0,
                                "struct_type": 0,
                                "array_type": 0,
                                "pointer_type": 0,
                                "instructions": 120000
                            }
                        ],
                        "scalar_instructions": 120000,
                        "vector_instructions": 0,
                        "misc_instructions": 0
                    }
                ],
                "fp_arith_sub_instructions": [
                    {
                        "total_instructions": 2000,
                        "mix": [
                            {
                                "vector_size": 1,
                                "float_16bits": 0,
                                "float_32bits": 0,
                                "float_64bits": 2000,
                                "float_80bits": 0,
                                "float_128bits": 0,
                                "float_128bits_powerpc": 0,
                                "float_64bits_mmx": 0,
                                "struct_type": 0,
                                "array_type": 0,
                                "pointer_type": 0,
                                "instructions": 2000
                            }
                        ],
                        "scalar_instructions": 2000,
                        "vector_instructions": 0,
                        "misc_instructions": 0
                    }
                ],
                "fp_arith_mul_instructions": [
                    {
                        "total_instructions": 124000,
                        "mix": [
                            {
                                "vector_size": 1,
                                "float_16bits": 0,
                                "float_32bits": 0,
                                "float_64bits": 124000,
                                "float_80bits": 0,
                                "float_128bits": 0,
                                "float_128bits_powerpc": 0,
                                "float_64bits_mmx": 0,
                                "struct_type": 0,
                                "array_type": 0,
                                "pointer_type": 0,
                                "instructions": 124000
                            }
                        ],
                        "scalar_instructions": 124000,
                        "vector_instructions": 0,
                        "misc_instructions": 0
                    }
                ],
                "fp_arith_div_instructions": [
                    {
                        "total_instructions": 0,
                        "mix": [
                            {
                                "vector_size": 1,
                                "float_16bits": 0,
                                "float_32bits": 0,
                                "float_64bits": 0,
                                "float_80bits": 0,
                                "float_128bits": 0,
                                "float_128bits_powerpc": 0,
                                "float_64bits_mmx": 0,
                                "struct_type": 0,
                                "array_type": 0,
                                "pointer_type": 0,
                                "instructions": 0
                            }
                        ],
                        "scalar_instructions": 0,
                        "vector_instructions": 0,
                        "misc_instructions": 0
                    }
                ],
                "fp_arith_rem_instructions": [
                    {
                        "total_instructions": 0,
                        "mix": [
                            {
                                "vector_size": 1,
                                "float_16bits": 0,
                                "float_32bits": 0,
                                "float_64bits": 0,
                                "float_80bits": 0,
                                "float_128bits": 0,
                                "float_128bits_powerpc": 0,
                                "float_64bits_mmx": 0,
                                "struct_type": 0,
                                "array_type": 0,
                                "pointer_type": 0,
                                "instructions": 0
                            }
                        ],
                        "scalar_instructions": 0,
                        "vector_instructions": 0,
                        "misc_instructions": 0
                    }
                ],
                "fp_cmp_instructions": [
                    {
                        "total_instructions": 2000,
                        "mix": [
                            {
                                "vector_size": 1,
                                "float_16bits": 0,
                                "float_32bits": 0,
                                "float_64bits": 2000,
                                "float_80bits": 0,
                                "float_128bits": 0,
                                "float_128bits_powerpc": 0,
                                "float_64bits_mmx": 0,
                                "struct_type": 0,
                                "array_type": 0,
                                "pointer_type": 0,
                                "instructions": 2000
                            }
                        ],
                        "scalar_instructions": 2000,
                        "vector_instructions": 0,
                        "misc_instructions": 0
                    }
                ],
                "bitwise_instructions": 27184,
                "bitwise_and_instructions": [
                    {
                        "total_instructions": 5504,
                        "mix": [
                            {
                                "vector_size": 1,
                                "float_16bits": 0,
                                "float_32bits": 0,
                                "float_64bits": 0,
                                "float_80bits": 0,
                                "float_128bits": 0,
                                "float_128bits_powerpc": 0,
                                "float_64bits_mmx": 0,
                                "int_4bits": 0,
                                "int_8bits": 0,
                                "int_16bits": 0,
                                "int_32bits": 0,
                                "int_64bits": 5488,
                                "int_misc": 16,
                                "struct_type": 0,
                                "array_type": 0,
                                "pointer_type": 0,
                                "instructions": 5504
                            }
                        ],
                        "scalar_instructions": 5504,
                        "vector_instructions": 0,
                        "misc_instructions": 0
                    }
                ],
                "bitwise_or_instructions": [
                    {
                        "total_instructions": 5448,
                        "mix": [
                            {
                                "vector_size": 1,
                                "float_16bits": 0,
                                "float_32bits": 0,
                                "float_64bits": 0,
                                "float_80bits": 0,
                                "float_128bits": 0,
                                "float_128bits_powerpc": 0,
                                "float_64bits_mmx": 0,
                                "int_4bits": 0,
                                "int_8bits": 0,
                                "int_16bits": 0,
                                "int_32bits": 0,
                                "int_64bits": 5448,
                                "int_misc": 0,
                                "struct_type": 0,
                                "array_type": 0,
                                "pointer_type": 0,
                                "instructions": 5448
                            }
                        ],
                        "scalar_instructions": 5448,
                        "vector_instructions": 0,
                        "misc_instructions": 0
                    }
                ],
                "bitwise_xor_instructions": [
                    {
                        "total_instructions": 5400,
                        "mix": [
                            {
                                "vector_size": 1,
                                "float_16bits": 0,
                                "float_32bits": 0,
                                "float_64bits": 0,
                                "float_80bits": 0,
                                "float_128bits": 0,
                                "float_128bits_powerpc": 0,
                                "float_64bits_mmx": 0,
                                "int_4bits": 0,
                                "int_8bits": 0,
                                "int_16bits": 0,
                                "int_32bits": 0,
                                "int_64bits": 5400,
                                "int_misc": 0,
                                "struct_type": 0,
                                "array_type": 0,
                                "pointer_type": 0,
                                "instructions": 5400
                            }
                        ],
                        "scalar_instructions": 5400,
                        "vector_instructions": 0,
                        "misc_instructions": 0
                    }
                ],
                "bitwise_shift_left_instructions": [
                    {
                        "total_instructions": 5432,
                        "mix": [
                            {
                                "vector_size": 1,
                                "float_16bits": 0,
                                "float_32bits": 0,
                                "float_64bits": 0,
                                "float_80bits": 0,
                                "float_128bits": 0,
                                "float_128bits_powerpc": 0,
                                "float_64bits_mmx": 0,
                                "int_4bits": 0,
                                "int_8bits": 0,
                                "int_16bits": 0,
                                "int_32bits": 0,
                                "int_64bits": 5432,
                                "int_misc": 0,
                                "struct_type": 0,
                                "array_type": 0,
                                "pointer_type": 0,
                                "instructions": 5432
                            }
                        ],
                        "scalar_instructions": 5432,
                        "vector_instructions": 0,
                        "misc_instructions": 0
                    }
                ],
                "bitwise_logical_shift_right_instructions": [
                    {
                        "total_instructions": 5400,
                        "mix": [
                            {
                                "vector_size": 1,
                                "float_16bits": 0,
                                "float_32bits": 0,
                                "float_64bits": 0,
                                "float_80bits": 0,
                                "float_128bits": 0,
                                "float_128bits_powerpc": 0,
                                "float_64bits_mmx": 0,
                                "int_4bits": 0,
                                "int_8bits": 0,
                                "int_16bits": 0,
                                "int_32bits": 0,
                                "int_64bits": 5400,
                                "int_misc": 0,
                                "struct_type": 0,
                                "array_type": 0,
                                "pointer_type": 0,
                                "instructions": 5400
                            }
                        ],
                        "scalar_instructions": 5400,
                        "vector_instructions": 0,
                        "misc_instructions": 0
                    }
                ],
                "bitwise_arith_shift_right_instructions": [
                    {
                        "total_instructions": 0,
                        "mix": [
                            {
                                "vector_size": 1,
                                "float_16bits": 0,
                                "float_32bits": 0,
                                "float_64bits": 0,
                                "float_80bits": 0,
                                "float_128bits": 0,
                                "float_128bits_powerpc": 0,
                                "float_64bits_mmx": 0,
                                "int_4bits": 0,
                                "int_8bits": 0,
                                "int_16bits": 0,
                                "int_32bits": 0,
                                "int_64bits": 0,
                                "int_misc": 0,
                                "struct_type": 0,
                                "array_type": 0,
                                "pointer_type": 0,
                                "instructions": 0
                            }
                        ],
                        "scalar_instructions": 0,
                        "vector_instructions": 0,
                        "misc_instructions": 0
                    }
                ],
                "conversion_instructions": 5401,
                "conversion_trunc_instructions": [
                    {
                        "total_instructions": 0,
                        "mix": [
                            {
                                "vector_size": 1,
                                "int_4bits": 0,
                                "int_8bits": 0,
                                "int_16bits": 0,
                                "int_32bits": 0,
                                "int_64bits": 0,
                                "int_misc": 0,
                                "struct_type": 0,
                                "array_type": 0,
                                "pointer_type": 0,
                                "instructions": 0
                            }
                        ],
                        "scalar_instructions": 0,
                        "vector_instructions": 0,
                        "misc_instructions": 0
                    }
                ],
                "conversion_zext_instructions": [
                    {
                        "total_instructions": 0,
                        "mix": [
                            {
                                "vector_size": 1,
                                "int_4bits": 0,
                                "int_8bits": 0,
                                "int_16bits": 0,
                                "int_32bits": 0,
                                "int_64bits": 0,
                                "int_misc": 0,
                                "struct_type": 0,
                                "array_type": 0,
                                "pointer_type": 0,
                                "instructions": 0
                            }
                        ],
                        "scalar_instructions": 0,
                        "vector_instructions": 0,
                        "misc_instructions": 0
                    }
                ],
                "conversion_sext_instructions": [
                    {
                        "total_instructions": 0,
                        "mix": [
                            {
                                "vector_size": 1,
                                "int_4bits": 0,
                                "int_8bits": 0,
                                "int_16bits": 0,
                                "int_32bits": 0,
                                "int_64bits": 0,
                                "int_misc": 0,
                                "struct_type": 0,
                                "array_type": 0,
                                "pointer_type": 0,
                                "instructions": 0
                            }
                        ],
                        "scalar_instructions": 0,
                        "vector_instructions": 0,
                        "misc_instructions": 0
                    }
                ],
                "conversion_fptrunc_instructions": [
                    {
                        "total_instructions": 0,
                        "mix": [
                            {
                                "vector_size": 1,
                                "float_16bits": 0,
                                "float_32bits": 0,
                                "float_64bits": 0,
                                "float_80bits": 0,
                                "float_128bits": 0,
                                "float_128bits_powerpc": 0,
                                "float_64bits_mmx": 0,
                                "struct_type": 0,
                                "array_type": 0,
                                "pointer_type": 0,
                                "instructions": 0
                            }
                        ],
                        "scalar_instructions": 0,
                        "vector_instructions": 0,
                        "misc_instructions": 0
                    }
                ],
                "conversion_fpext_instructions": [
                    {
                        "total_instructions": 0,
                        "mix": [
                            {
                                "vector_size": 1,
                                "float_16bits": 0,
                                "float_32bits": 0,
                                "float_64bits": 0,
                                "float_80bits": 0,
                                "float_128bits": 0,
                                "float_128bits_powerpc": 0,
                                "float_64bits_mmx": 0,
                                "struct_type": 0,
                                "array_type": 0,
                                "pointer_type": 0,
                                "instructions": 0
                            }
                        ],
                        "scalar_instructions": 0,
                        "vector_instructions": 0,
                        "misc_instructions": 0
                    }
                ],
                "conversion_fptoui_instructions": [
                    {
                        "total_instructions": 0,
                        "mix": [
                            {
                                "vector_size": 1,
                                "int_4bits": 0,
                                "int_8bits": 0,
                                "int_16bits": 0,
                                "int_32bits": 0,
                                "int_64bits": 0,
                                "int_misc": 0,
                                "struct_type": 0,
                                "array_type": 0,
                                "pointer_type": 0,
                                "instructions": 0
                            }
                        ],
                        "scalar_instructions": 0,
                        "vector_instructions": 0,
                        "misc_instructions": 0
                    }
                ],
                "conversion_fptosi_instructions": [
                    {
                        "total_instructions": 0,
                        "mix": [
                            {
                                "vector_size": 1,
                                "int_4bits": 0,
                                "int_8bits": 0,
                                "int_16bits": 0,
                                "int_32bits": 0,
                                "int_64bits": 0,
                                "int_misc": 0,
                                "struct_type": 0,
                                "array_type": 0,
                                "pointer_type": 0,
                                "instructions": 0
                            }
                        ],
                        "scalar_instructions": 0,
                        "vector_instructions": 0,
                        "misc_instructions": 0
                    }
                ],
                "conversion_uitofp_instructions": [
                    {
                        "total_instructions": 5400,
                        "mix": [
                            {
                                "vector_size": 1,
                                "float_16bits": 0,
                                "float_32bits": 0,
                                "float_64bits": 5400,
                                "float_80bits": 0,
                                "float_128bits": 0,
                                "float_128bits_powerpc": 0,
                                "float_64bits_mmx": 0,
                                "struct_type": 0,
                                "array_type": 0,
                                "pointer_type": 0,
                                "instructions": 5400
                            }
                        ],
                        "scalar_instructions": 5400,
                        "vector_instructions": 0,
                        "misc_instructions": 0
                    }
                ],
                "conversion_sitofp_instructions": [
                    {
                        "total_instructions": 0,
                        "mix": [
                            {
                                "vector_size": 1,
                                "float_16bits": 0,
                                "float_32bits": 0,
                                "float_64bits": 0,
                                "float_80bits": 0,
                                "float_128bits": 0,
                                "float_128bits_powerpc": 0,
                                "float_64bits_mmx": 0,
                                "struct_type": 0,
                                "array_type": 0,
                                "pointer_type": 0,
                                "instructions": 0
                            }
                        ],
                        "scalar_instructions": 0,
                        "vector_instructions": 0,
                        "misc_instructions": 0
                    }
                ],
                "conversion_inttoptr_instructions": [
                    {
                        "total_instructions": 0,
                        "mix": [
                            {
                                "vector_size": 1,
                                "float_16bits": 0,
                                "float_32bits": 0,
                                "float_64bits": 0,
                                "float_80bits": 0,
                                "float_128bits": 0,
                                "float_128bits_powerpc": 0,
                                "float_64bits_mmx": 0,
                                "int_4bits": 0,
                                "int_8bits": 0,
                                "int_16bits": 0,
                                "int_32bits": 0,
                                "int_64bits": 0,
                                "int_misc": 0,
                                "struct_type": 0,
                                "array_type": 0,
                                "pointer_type": 0,
                                "instructions": 0
                            }
                        ],
                        "scalar_instructions": 0,
                        "vector_instructions": 0,
                        "misc_instructions": 0
                    }
                ],
                "conversion_ptrtoint_instructions": [
                    {
                        "total_instructions": 0,
                        "mix": [
                            {
                                "vector_size": 1,
                                "float_16bits": 0,
                                "float_32bits": 0,
                                "float_64bits": 0,
                                "float_80bits": 0,
                                "float_128bits": 0,
                                "float_128bits_powerpc": 0,
                                "float_64bits_mmx": 0,
                                "struct_type": 0,
                                "array_type": 0,
                                "pointer_type": 0,
                                "instructions": 0
                            }
                        ],
                        "scalar_instructions": 0,
                        "vector_instructions": 0,
                        "misc_instructions": 0
                    }
                ],
                "conversion_bitcast_instructions": [
                    {
                        "total_instructions": 1,
                        "mix": [
                            {
                                "vector_size": 1,
                                "float_16bits": 0,
                                "float_32bits": 0,
                                "float_64bits": 0,
                                "float_80bits": 0,
                                "float_128bits": 0,
                                "float_128bits_powerpc": 0,
                                "float_64bits_mmx": 0,
                                "int_4bits": 0,
                                "int_8bits": 0,
                                "int_16bits": 0,
                                "int_32bits": 0,
                                "int_64bits": 0,
                                "int_misc": 0,
                                "struct_type": 0,
                                "array_type": 0,
                                "pointer_type": 0,
                                "instructions": 0
                            }
                        ],
                        "scalar_instructions": 0,
                        "vector_instructions": 0,
                        "misc_instructions": 1
                    }
                ],
                "conversion_address_space_cast_instructions": [
                    {
                        "total_instructions": 0,
                        "mix": [
                            {
                                "vector_size": 1,
                                "float_16bits": 0,
                                "float_32bits": 0,
                                "float_64bits": 0,
                                "float_80bits": 0,
                                "float_128bits": 0,
                                "float_128bits_powerpc": 0,
                                "float_64bits_mmx": 0,
                                "int_4bits": 0,
                                "int_8bits": 0,
                                "int_16bits": 0,
                                "int_32bits": 0,
                                "int_64bits": 0,
                                "int_misc": 0,
                                "struct_type": 0,
                                "array_type": 0,
                                "pointer_type": 0,
                                "instructions": 0
                            }
                        ],
                        "scalar_instructions": 0,
                        "vector_instructions": 0,
                        "misc_instructions": 0
                    }
                ],
                "address_arith_instructions": 696550,
                "address_arith_alloca_arith_instructions": 3,
                "address_arith_get_elem_ptr_arith_instructions": [
                    {
                        "total_instructions": 696547,
                        "mix": [
                            {
                                "vector_size": 1,
                                "float_16bits": 0,
                                "float_32bits": 0,
                                "float_64bits": 0,
                                "float_80bits": 0,
                                "float_128bits": 0,
                                "float_128bits_powerpc": 0,
                                "float_64bits_mmx": 0,
                                "int_4bits": 0,
                                "int_8bits": 0,
                                "int_16bits": 0,
                                "int_32bits": 0,
                                "int_64bits": 0,
                                "int_misc": 0,
                                "struct_type": 0,
                                "array_type": 0,
                                "pointer_type": 0,
                                "instructions": 0
                            }
                        ],
                        "scalar_instructions": 0,
                        "vector_instructions": 0,
                        "misc_instructions": 696547
                    }
                ],
                "control_instructions": 147361,
                "control_call_instructions": 4101,
                "control_ret_instructions": 97,
                "control_branch_instructions": 143163,
                "control_switch_instructions": 0,
                "control_indirectBr_instructions": 0,
                "control_invoke_instructions": 0,
                "control_resume_instructions": 0,
                "control_unreachable_instructions": 0,
                "phi_instructions": 0,
                "sync_instructions": 0,
                "sync_fence_instructions": 0,
                "llvm_vector_instructions": 0,
                "llvm_vector_extract_element_instructions": [
                    {
                        "total_instructions": 0,
                        "mix": [
                            {
                                "vector_size": 1,
                                "float_16bits": 0,
                                "float_32bits": 0,
                                "float_64bits": 0,
                                "float_80bits": 0,
                                "float_128bits": 0,
                                "float_128bits_powerpc": 0,
                                "float_64bits_mmx": 0,
                                "int_4bits": 0,
                                "int_8bits": 0,
                                "int_16bits": 0,
                                "int_32bits": 0,
                                "int_64bits": 0,
                                "int_misc": 0,
                                "struct_type": 0,
                                "array_type": 0,
                                "pointer_type": 0,
                                "instructions": 0
                            }
                        ],
                        "scalar_instructions": 0,
                        "vector_instructions": 0,
                        "misc_instructions": 0
                    }
                ],
                "llvm_vector_insert_element_instructions": [
                    {
                        "total_instructions": 0,
                        "mix": [
                            {
                                "vector_size": 1,
                                "float_16bits": 0,
                                "float_32bits": 0,
                                "float_64bits": 0,
                                "float_80bits": 0,
                                "float_128bits": 0,
                                "float_128bits_powerpc": 0,
                                "float_64bits_mmx": 0,
                                "int_4bits": 0,
                                "int_8bits": 0,
                                "int_16bits": 0,
                                "int_32bits": 0,
                                "int_64bits": 0,
                                "int_misc": 0,
                                "struct_type": 0,
                                "array_type": 0,
                                "pointer_type": 0,
                                "instructions": 0
                            }
                        ],
                        "scalar_instructions": 0,
                        "vector_instructions": 0,
                        "misc_instructions": 0
                    }
                ],
                "llvm_vector_shuffle_vector_instructions": [
                    {
                        "total_instructions": 0,
                        "mix": [
                            {
                                "vector_size": 1,
                                "float_16bits": 0,
                                "float_32bits": 0,
                                "float_64bits": 0,
                                "float_80bits": 0,
                                "float_128bits": 0,
                                "float_128bits_powerpc": 0,
                                "float_64bits_mmx": 0,
                                "int_4bits": 0,
                                "int_8bits": 0,
                                "int_16bits": 0,
                                "int_32bits": 0,
                                "int_64bits": 0,
                                "int_misc": 0,
                                "struct_type": 0,
                                "array_type": 0,
                                "pointer_type": 0,
                                "instructions": 0
                            }
                        ],
                        "scalar_instructions": 0,
                        "vector_instructions": 0,
                        "misc_instructions": 0
                    }
                ],
                "aggregate_nonvector_instructions": 0,
                "aggregate_extract_value_instructions": [
                    {
                        "total_instructions": 0,
                        "mix": [
                            {
                                "vector_size": 1,
                                "float_16bits": 0,
                                "float_32bits": 0,
                                "float_64bits": 0,
                                "float_80bits": 0,
                                "float_128bits": 0,
                                "float_128bits_powerpc": 0,
                                "float_64bits_mmx": 0,
                                "int_4bits": 0,
                                "int_8bits": 0,
                                "int_16bits": 0,
                                "int_32bits": 0,
                                "int_64bits": 0,
                                "int_misc": 0,
                                "struct_type": 0,
                                "array_type": 0,
                                "pointer_type": 0,
                                "instructions": 0
                            }
                        ],
                        "scalar_instructions": 0,
                        "vector_instructions": 0,
                        "misc_instructions": 0
                    }
                ],
                "aggregate_insert_value_instructions": [
                    {
                        "total_instructions": 0,
                        "mix": [
                            {
                                "vector_size": 1,
                                "float_16bits": 0,
                                "float_32bits": 0,
                                "float_64bits": 0,
                                "float_80bits": 0,
                                "float_128bits": 0,
                                "float_128bits_powerpc": 0,
                                "float_64bits_mmx": 0,
                                "int_4bits": 0,
                                "int_8bits": 0,
                                "int_16bits": 0,
                                "int_32bits": 0,
                                "int_64bits": 0,
                                "int_misc": 0,
                                "struct_type": 0,
                                "array_type": 0,
                                "pointer_type": 0,
                                "instructions": 0
                            }
                        ],
                        "scalar_instructions": 0,
                        "vector_instructions": 0,
                        "misc_instructions": 0
                    }
                ],
                "misc_instructions": 0,
                "misc_select_instructions": [
                    {
                        "total_instructions": 0,
                        "mix": [
                            {
                                "vector_size": 1,
                                "float_16bits": 0,
                                "float_32bits": 0,
                                "float_64bits": 0,
                                "float_80bits": 0,
                                "float_128bits": 0,
                                "float_128bits_powerpc": 0,
                                "float_64bits_mmx": 0,
                                "int_4bits": 0,
                                "int_8bits": 0,
                                "int_16bits": 0,
                                "int_32bits": 0,
                                "int_64bits": 0,
                                "int_misc": 0,
                                "struct_type": 0,
                                "array_type": 0,
                                "pointer_type": 0,
                                "instructions": 0
                            }
                        ],
                        "scalar_instructions": 0,
                        "vector_instructions": 0,
                        "misc_instructions": 0
                    }
                ],
                "misc_landingpad_instructions": 0,
                "misc_va_arg_instructions": 0
            },
            "ilp": [
                {
                    "windowSize": 54,
                    "statistics": {
                        "span": 174361,
                        "arithmetic_mean": 14.2583,
                        "span_mem": 150187,
                        "arithmetic_mean_mem": 4.7367,
                        "span_int": 174352,
                        "arithmetic_mean_int": 7.9111,
                        "span_ctrl": 123277,
                        "arithmetic_mean_ctrl": 1.1953,
                        "span_fp": 118006,
                        "arithmetic_mean_fp": 2.1015
                    },
                    "in-order": {
                        "span": 1541586,
                        "arithmetic_mean": 1.6126,
                        "span_mem": 609800,
                        "arithmetic_mean_mem": 1.1666,
                        "span_int": 1293584,
                        "arithmetic_mean_int": 1.0662,
                        "span_ctrl": 143981,
                        "arithmetic_mean_ctrl": 1.0234,
                        "span_fp": 248000,
                        "arithmetic_mean_fp": 1.0
                    }
                }
            ],
            "dataReuseDistribution": [
                {
                    "cacheLineSize": 64,
                    "statistics": {
                        "data": [
                            [
                                0,
                                195443
                            ],
                            [
                                1,
                                103326
                            ],
                            [
                                2,
                                199
                            ],
                            [
                                4,
                                83040
                            ],
                            [
                                8,
                                83600
                            ],
                            [
                                16,
                                2088
                            ],
                            [
                                32,
                                160
                            ],
                            [
                                64,
                                14700
                            ],
                            [
                                128,
                                167225
                            ],
                            [
                                256,
                                10746
                            ],
                            [
                                512,
                                45246
                            ],
                            [
                                1024,
                                4701
                            ]
                        ],
                        "dataCDF": [
                            [
                                0,
                                0.2747
                            ],
                            [
                                1,
                                0.4199
                            ],
                            [
                                2,
                                0.4202
                            ],
                            [
                                4,
                                0.5369
                            ],
                            [
                                8,
                                0.6544
                            ],
                            [
                                16,
                                0.6574
                            ],
                            [
                                32,
                                0.6576
                            ],
                            [
                                64,
                                0.6783
                            ],
                            [
                                128,
                                0.9133
                            ],
                            [
                                256,
                                0.9284
                            ],
                            [
                                512,
                                0.992
                            ],
                            [
                                1024,
                                0.9986
                            ]
                        ]
                    }
                }
            ],
            "memoryFootprint": {
                "shared_addresses_byte_granularity": 0,
                "total_distinct_addresses_byte_granularity": 59200,
                "shared_accesses": 0,
                "total_distinct_accesses_starting_addresses": 926,
                "cache_line_size": 64
            },
            "instReuseDistribution": [
                {
                    "instructionSize": 0,
                    "cacheLineSize": 0,
                    "statistics": {
                        "instructions": [
                            [
                                4,
                                960
                            ],
                            [
                                16,
                                1481274
                            ],
                            [
                                32,
                                52224
                            ],
                            [
                                128,
                                792000
                            ],
                            [
                                256,
                                157104
                            ],
                            [
                                512,
                                2135
                            ]
                        ],
                        "instructionsCDF": [
                            [
                                4,
                                0.0003
                            ],
                            [
                                16,
                                0.5962
                            ],
                            [
                                32,
                                0.6172
                            ],
                            [
                                128,
                                0.9357
                            ],
                            [
                                256,
                                0.9989
                            ],
                            [
                                512,
                                0.9998
                            ]
                        ]
                    }
                }
            ],
            "registerAccesses": {
                "reads": 3929499,
                "writes": 1864362
            },
            "externalLibraryCallCount": {
                "fabs": 4000,
                "printf": 5
            },
            "branchEntropy": {
                "entropies": [
                    {
                        "bufferSize": "1",
                        "entropy": 0.601591,
                        "mispredictionRate": 0.0698029
                    },
                    {
                        "bufferSize": "2",
                        "entropy": 0.927967,
                        "mispredictionRate": 0.0648521
                    },
                    {
                        "bufferSize": "3",
                        "entropy": 1.17989,
                        "mispredictionRate": 0.0442716
                    },
                    {
                        "bufferSize": "4",
                        "entropy": 1.39373,
                        "mispredictionRate": 0.0420121
                    },
                    {
                        "bufferSize": "5",
                        "entropy": 1.58737,
                        "mispredictionRate": 0.0414255
                    },
                    {
                        "bufferSize": "6",
                        "entropy": 1.76745,
                        "mispredictionRate": 0.0333848
                    },
                    {
                        "bufferSize": "7",
                        "entropy": 1.93556,
                        "mispredictionRate": 0.027388
                    },
                    {
                        "bufferSize": "8",
                        "entropy": 2.08401,
                        "mispredictionRate": 0.022032
                    },
                    {
                        "bufferSize": "9",
                        "entropy": 2.21561,
                        "mispredictionRate": 0.0217151
                    },
                    {
                        "bufferSize": "10",
                        "entropy": 2.34271,
                        "mispredictionRate": 0.0212835
                    },
                    {
                        "bufferSize": "11",
                        "entropy": 2.46322,
                        "mispredictionRate": 0.0158666
                    },
                    {
                        "bufferSize": "12",
                        "entropy": 2.57256,
                        "mispredictionRate": 0.0157925
                    },
                    {
                        "bufferSize": "13",
                        "entropy": 2.681,
                        "mispredictionRate": 0.0157859
                    },
                    {
                        "bufferSize": "14",
                        "entropy": 2.78898,
                        "mispredictionRate": 0.0157792
                    },
                    {
                        "bufferSize": "15",
                        "entropy": 2.89646,
                        "mispredictionRate": 0.0157388
                    },
                    {
                        "bufferSize": "16",
                        "entropy": 3.00311,
                        "mispredictionRate": 0.0157389
                    },
                    {
                        "bufferSize": "17",
                        "entropy": 3.10929,
                        "mispredictionRate": 0.0157323
                    },
                    {
                        "bufferSize": "18",
                        "entropy": 3.21497,
                        "mispredictionRate": 0.0157324
                    },
                    {
                        "bufferSize": "19",
                        "entropy": 3.32017,
                        "mispredictionRate": 0.0157258
                    },
                    {
                        "bufferSize": "20",
                        "entropy": 3.4248,
                        "mispredictionRate": 0.0157259
                    },
                    {
                        "bufferSize": "21",
                        "entropy": 3.52891,
                        "mispredictionRate": 0.015726
                    },
                    {
                        "bufferSize": "22",
                        "entropy": 3.63241,
                        "mispredictionRate": 0.0157261
                    },
                    {
                        "bufferSize": "23",
                        "entropy": 3.73538,
                        "mispredictionRate": 0.0157262
                    },
                    {
                        "bufferSize": "24",
                        "entropy": 3.83778,
                        "mispredictionRate": 0.0157263
                    },
                    {
                        "bufferSize": "25",
                        "entropy": 3.93962,
                        "mispredictionRate": 0.0157264
                    },
                    {
                        "bufferSize": "26",
                        "entropy": 4.04087,
                        "mispredictionRate": 0.0157265
                    },
                    {
                        "bufferSize": "27",
                        "entropy": 4.14152,
                        "mispredictionRate": 0.0157266
                    },
                    {
                        "bufferSize": "28",
                        "entropy": 4.24153,
                        "mispredictionRate": 0.0157267
                    },
                    {
                        "bufferSize": "29",
                        "entropy": 4.3409,
                        "mispredictionRate": 0.0157268
                    },
                    {
                        "bufferSize": "30",
                        "entropy": 4.43961,
                        "mispredictionRate": 0.0157269
                    },
                    {
                        "bufferSize": "31",
                        "entropy": 4.53763,
                        "mispredictionRate": 0.015727
                    },
                    {
                        "bufferSize": "32",
                        "entropy": 4.63493,
                        "mispredictionRate": 0.0157272
                    },
                    {
                        "bufferSize": "33",
                        "entropy": 4.7315,
                        "mispredictionRate": 0.0157273
                    },
                    {
                        "bufferSize": "34",
                        "entropy": 4.82722,
                        "mispredictionRate": 0.0157274
                    },
                    {
                        "bufferSize": "35",
                        "entropy": 4.92215,
                        "mispredictionRate": 0.0157275
                    },
                    {
                        "bufferSize": "36",
                        "entropy": 5.01625,
                        "mispredictionRate": 0.0157276
                    },
                    {
                        "bufferSize": "37",
                        "entropy": 5.10949,
                        "mispredictionRate": 0.0157277
                    },
                    {
                        "bufferSize": "38",
                        "entropy": 5.20183,
                        "mispredictionRate": 0.0157278
                    },
                    {
                        "bufferSize": "39",
                        "entropy": 5.29322,
                        "mispredictionRate": 0.0157279
                    },
                    {
                        "bufferSize": "40",
                        "entropy": 5.38363,
                        "mispredictionRate": 0.015728
                    },
                    {
                        "bufferSize": "41",
                        "entropy": 5.47299,
                        "mispredictionRate": 0.0157281
                    },
                    {
                        "bufferSize": "42",
                        "entropy": 5.56127,
                        "mispredictionRate": 0.0157282
                    },
                    {
                        "bufferSize": "43",
                        "entropy": 5.64839,
                        "mispredictionRate": 0.0157283
                    },
                    {
                        "bufferSize": "44",
                        "entropy": 5.73429,
                        "mispredictionRate": 0.0157284
                    },
                    {
                        "bufferSize": "45",
                        "entropy": 5.81888,
                        "mispredictionRate": 0.0157285
                    },
                    {
                        "bufferSize": "46",
                        "entropy": 5.90199,
                        "mispredictionRate": 0.0157286
                    },
                    {
                        "bufferSize": "47",
                        "entropy": 5.98361,
                        "mispredictionRate": 0.0157287
                    },
                    {
                        "bufferSize": "48",
                        "entropy": 6.06362,
                        "mispredictionRate": 0.0157289
                    },
                    {
                        "bufferSize": "49",
                        "entropy": 6.14188,
                        "mispredictionRate": 0.015729
                    },
                    {
                        "bufferSize": "50",
                        "entropy": 6.21823,
                        "mispredictionRate": 0.0157291
                    },
                    {
                        "bufferSize": "51",
                        "entropy": 6.29385,
                        "mispredictionRate": 0.0153378
                    },
                    {
                        "bufferSize": "52",
                        "entropy": 6.36533,
                        "mispredictionRate": 0.0153379
                    },
                    {
                        "bufferSize": "53",
                        "entropy": 6.43428,
                        "mispredictionRate": 0.015203
                    },
                    {
                        "bufferSize": "54",
                        "entropy": 6.49842,
                        "mispredictionRate": 0.0151897
                    },
                    {
                        "bufferSize": "55",
                        "entropy": 6.55916,
                        "mispredictionRate": 0.015183
                    },
                    {
                        "bufferSize": "56",
                        "entropy": 6.61588,
                        "mispredictionRate": 0.0151831
                    },
                    {
                        "bufferSize": "57",
                        "entropy": 6.66758,
                        "mispredictionRate": 0.0151832
                    },
                    {
                        "bufferSize": "58",
                        "entropy": 6.71242,
                        "mispredictionRate": 0.0151833
                    },
                    {
                        "bufferSize": "59",
                        "entropy": 6.74687,
                        "mispredictionRate": 0.00141712
                    },
                    {
                        "bufferSize": "60",
                        "entropy": 6.75379,
                        "mispredictionRate": 0.00141713
                    },
                    {
                        "bufferSize": "61",
                        "entropy": 6.7607,
                        "mispredictionRate": 0.00141714
                    },
                    {
                        "bufferSize": "62",
                        "entropy": 6.76762,
                        "mispredictionRate": 0.00141715
                    }
                ],
                "branches": 0,
                "bestEntropy": 6.76762,
                "bestMispredictionRate": 0.00141712
            }
        }
    ]
}